,B1_IA_all_phy.paths.all,B2_IA_all_phy.paths.all,E_IA_all_phy.paths.all,A_IA_all_phy.paths.all,B1_IA_convergent.paths.all,B2_IA_convergent.paths.all,E_IA_convergent.paths.all,A_IA_convergent.paths.all
A[C>A]A,909,357,215,681,143,70,29,128
A[C>A]C,595,235,158,371,70,43,18,51
A[C>A]G,473,263,123,296,53,52,19,53
A[C>A]T,695,260,128,453,76,34,13,60
A[C>G]A,464,109,102,298,59,9,12,36
A[C>G]C,341,135,78,172,63,23,11,19
A[C>G]G,339,80,61,164,23,12,4,25
A[C>G]T,330,118,87,201,48,15,17,42
A[C>T]A,2815,1232,598,1834,349,128,81,267
A[C>T]C,1995,793,424,1246,258,101,69,198
A[C>T]G,1985,793,404,1345,301,137,57,264
A[C>T]T,1838,707,330,1069,260,76,36,174
A[T>A]A,1093,486,249,795,197,50,24,95
A[T>A]C,741,215,135,487,60,41,25,76
A[T>A]G,655,250,133,421,97,37,10,38
A[T>A]T,1476,531,316,1079,166,39,52,168
A[T>C]A,2498,1049,526,1569,331,130,51,263
A[T>C]C,1709,591,363,1069,255,87,39,178
A[T>C]G,1665,668,345,1052,187,144,56,215
A[T>C]T,1756,784,370,1038,237,109,36,155
A[T>G]A,770,309,162,443,121,36,40,89
A[T>G]C,459,220,106,330,84,27,14,59
A[T>G]G,584,162,119,349,98,12,18,56
A[T>G]T,615,200,138,419,111,36,23,67
C[C>A]A,773,268,128,418,89,46,11,31
C[C>A]C,501,189,116,289,82,19,18,42
C[C>A]G,794,318,195,458,174,74,33,143
C[C>A]T,682,217,133,414,93,19,19,50
C[C>G]A,228,73,37,178,37,20,6,63
C[C>G]C,275,72,53,128,50,28,7,41
C[C>G]G,299,160,82,198,18,50,13,48
C[C>G]T,229,82,66,173,19,13,6,25
C[C>T]A,1359,587,324,961,194,61,47,119
C[C>T]C,1124,589,289,923,142,76,42,146
C[C>T]G,2256,887,486,1374,373,159,77,269
C[C>T]T,1399,648,314,869,262,109,57,147
C[T>A]A,756,131,111,336,106,33,6,35
C[T>A]C,553,184,109,380,105,27,17,82
C[T>A]G,1368,531,317,886,216,94,46,194
C[T>A]T,569,262,148,400,97,40,14,48
C[T>C]A,1022,531,246,747,125,72,28,84
C[T>C]C,1013,485,246,662,163,64,32,87
C[T>C]G,1706,730,435,1082,258,137,71,183
C[T>C]T,1052,568,259,785,187,93,47,160
C[T>G]A,296,176,77,233,16,21,14,26
C[T>G]C,483,195,114,353,136,33,19,109
C[T>G]G,778,270,168,436,148,55,25,121
C[T>G]T,461,267,116,287,51,58,22,61
G[C>A]A,940,334,163,540,113,29,22,67
G[C>A]C,466,140,94,290,79,35,19,62
G[C>A]G,642,243,151,405,172,48,17,100
G[C>A]T,579,237,150,414,88,37,25,57
G[C>G]A,396,74,73,238,60,19,7,35
G[C>G]C,316,103,90,176,53,21,10,29
G[C>G]G,319,93,44,148,46,27,7,25
G[C>G]T,351,120,69,185,102,25,7,24
G[C>T]A,2664,938,569,1816,437,182,88,237
G[C>T]C,1880,726,416,1242,267,161,62,285
G[C>T]G,3074,1093,544,1659,553,225,81,282
G[C>T]T,1887,828,416,1231,257,133,70,223
G[T>A]A,490,167,132,311,88,29,15,37
G[T>A]C,363,136,78,165,60,19,11,40
G[T>A]G,608,235,147,334,109,27,23,68
G[T>A]T,712,233,152,368,103,38,28,65
G[T>C]A,2025,884,441,1331,347,161,63,238
G[T>C]C,1788,665,369,1089,275,147,51,200
G[T>C]G,2228,871,396,1237,356,165,71,220
G[T>C]T,1838,801,400,1235,303,119,73,208
G[T>G]A,316,120,66,223,44,15,9,54
G[T>G]C,402,179,87,217,112,42,7,36
G[T>G]G,506,227,109,240,57,27,18,29
G[T>G]T,540,222,171,352,68,18,22,31
T[C>A]A,1165,519,254,692,153,81,32,55
T[C>A]C,377,165,91,295,53,23,13,64
T[C>A]G,363,206,93,298,47,34,20,53
T[C>A]T,931,428,210,661,107,39,32,89
T[C>G]A,655,167,107,342,77,20,17,61
T[C>G]C,295,77,83,202,69,10,6,48
T[C>G]G,229,73,61,117,51,15,12,40
T[C>G]T,473,128,85,304,82,14,11,42
T[C>T]A,2938,1229,551,2071,436,171,94,323
T[C>T]C,1729,724,392,1157,184,119,58,146
T[C>T]G,1723,668,351,1024,297,121,57,179
T[C>T]T,2055,824,388,1309,288,111,44,171
T[T>A]A,1315,594,288,870,156,68,53,124
T[T>A]C,637,177,144,339,77,31,20,45
T[T>A]G,884,162,120,354,132,49,13,58
T[T>A]T,1366,472,259,938,183,58,36,117
T[T>C]A,2542,1133,531,1594,286,151,77,236
T[T>C]C,1463,603,354,963,162,79,46,89
T[T>C]G,1453,548,271,845,226,125,32,194
T[T>C]T,1875,758,361,1099,230,109,55,157
T[T>G]A,1047,397,219,712,187,68,31,86
T[T>G]C,797,195,138,454,109,29,21,61
T[T>G]G,755,219,166,372,106,27,17,43
T[T>G]T,898,329,228,616,197,72,42,140
